,gt,pd
0,7,7
1,3,3
2,8,8
3,9,9
4,3,3
5,9,9
6,7,7
7,7,7
8,5,5
9,4,4
10,2,2
11,5,5
12,6,6
13,8,8
14,1,1
15,7,7
16,4,4
17,8,8
18,0,0
19,7,7
20,9,9
21,3,3
22,1,1
23,7,7
24,6,6
25,5,1
26,3,3
27,3,3
28,3,3
29,6,6
30,0,0
31,8,8
32,4,4
33,9,9
34,5,5
35,1,1
36,8,8
37,7,7
38,8,8
39,8,8
40,0,0
41,8,8
42,2,2
43,0,0
44,8,8
45,5,5
46,5,5
47,2,7
48,2,2
49,0,0
50,1,1
51,5,5
52,9,9
53,3,3
54,0,0
55,6,6
56,2,2
57,2,2
58,6,6
59,4,4
60,0,0
61,1,1
62,8,8
63,4,4
64,0,0
65,2,2
66,4,6
67,7,7
68,7,7
69,4,4
70,4,4
71,0,0
72,1,1
73,4,4
74,8,8
75,6,6
76,0,0
77,0,0
78,0,0
79,9,9
80,6,6
81,3,3
82,6,6
83,9,9
84,9,9
85,4,4
86,8,8
87,6,6
88,6,6
89,1,1
90,9,9
91,5,5
92,2,2
93,6,6
94,3,3
95,4,4
96,9,9
97,1,1
98,0,0
99,4,4
100,2,2
101,8,8
102,5,5
103,4,4
104,4,4
105,4,4
106,4,4
107,8,8
108,2,2
109,4,4
110,5,5
111,4,4
112,3,3
113,1,1
114,3,3
115,5,5
116,4,4
117,2,2
118,1,1
119,1,1
120,2,2
121,2,2
122,8,8
123,2,2
124,7,7
125,0,0
126,4,4
127,0,0
128,6,6
129,3,3
130,5,5
131,2,2
132,2,2
133,5,5
134,1,1
135,1,1
136,4,4
137,5,5
138,2,2
139,2,2
140,9,9
141,3,3
142,6,6
143,2,2
144,9,9
145,9,9
146,5,5
147,3,3
148,4,4
149,8,8
150,7,7
151,3,3
152,9,9
153,7,7
154,9,9
155,9,9
156,0,0
157,1,1
158,8,8
159,0,0
160,5,5
161,6,6
162,0,0
163,2,2
164,8,8
165,0,0
166,6,6
167,7,7
168,1,1
169,8,8
170,3,3
171,8,8
172,2,2
173,9,9
174,4,4
175,5,5
176,0,0
177,1,1
178,2,2
179,1,1
180,3,3
181,1,1
182,7,7
183,8,8
184,8,8
185,1,1
186,8,8
187,8,8
188,9,9
189,9,9
190,8,8
191,8,8
192,0,0
193,1,1
194,5,5
195,7,7
196,4,4
197,3,3
198,7,7
199,4,4
200,4,4
201,4,4
202,1,1
203,9,9
204,2,2
205,2,2
206,1,1
207,5,5
208,0,0
209,4,4
210,6,6
211,5,5
212,1,1
213,6,6
214,6,6
215,8,8
216,3,3
217,2,2
218,2,2
219,5,5
220,2,2
221,8,8
222,7,7
223,6,6
224,0,0
225,2,2
226,9,9
227,9,9
228,0,0
229,5,5
230,3,3
231,4,9
232,3,3
233,3,3
234,6,6
235,7,7
236,2,2
237,7,7
238,0,0
239,5,5
240,9,9
241,6,6
242,8,8
243,0,0
244,1,1
245,5,5
246,9,9
247,0,0
248,6,0
249,9,7
250,2,2
251,7,7
252,1,1
253,3,3
254,4,4
255,7,7
256,8,8
257,8,8
258,9,9
259,9,9
260,5,5
261,0,0
262,9,9
263,6,6
264,6,6
265,1,1
266,7,7
267,9,9
268,4,4
269,8,8
270,5,5
271,1,1
272,4,4
273,7,7
274,7,7
275,0,0
276,2,2
277,2,2
278,9,9
279,5,5
280,7,7
281,1,1
282,0,0
283,9,9
284,5,5
285,4,4
286,5,5
287,5,2
288,7,7
289,4,4
290,9,9
291,6,6
292,3,3
293,8,8
294,1,1
295,7,1
296,8,8
297,5,5
298,4,4
299,6,6
300,9,9
301,2,2
302,3,2
303,0,0
304,7,7
305,7,7
306,1,1
307,4,4
308,5,5
309,3,3
310,9,9
311,0,0
312,7,7
313,1,1
314,3,3
315,4,4
316,0,0
317,7,7
318,7,7
319,9,9
320,7,7
321,8,8
322,3,3
323,4,4
324,8,8
325,4,4
326,1,1
327,3,3
328,9,9
329,0,0
330,4,4
331,0,0
332,3,3
333,5,5
334,4,4
335,5,5
336,7,7
337,0,0
338,8,8
339,0,0
340,0,0
341,2,2
342,6,6
343,6,6
344,4,4
345,7,7
346,6,6
347,1,1
348,9,9
349,6,6
350,0,0
351,5,5
352,8,8
353,7,7
354,1,1
355,3,3
356,9,9
357,1,1
358,0,0
359,5,5
360,2,2
361,0,0
362,6,6
363,1,1
364,1,1
365,8,8
366,6,6
367,0,0
368,0,0
369,6,6
370,0,0
371,4,4
372,9,9
373,9,9
374,1,1
375,1,1
376,0,0
377,2,2
378,5,5
379,3,3
380,0,0
381,9,9
382,9,9
383,4,4
384,3,3
385,7,7
386,4,4
387,5,5
388,0,0
389,1,1
390,9,9
391,1,1
392,4,4
393,6,6
394,5,5
395,2,2
396,8,8
397,1,1
398,7,7
399,7,7
400,0,0
401,6,6
402,0,0
403,6,6
404,4,9
405,7,7
406,7,7
407,3,3
408,1,1
409,9,9
410,0,0
411,6,6
412,5,5
413,4,4
414,1,1
415,8,8
416,6,6
417,5,5
418,2,2
419,5,5
420,3,3
421,1,1
422,6,6
423,6,6
424,8,8
425,7,7
426,8,8
427,9,9
428,5,5
429,3,3
430,9,9
431,9,9
432,7,7
433,1,1
434,7,7
435,7,7
436,8,8
437,3,3
438,8,8
439,8,4
440,8,8
441,0,0
442,5,5
443,1,1
444,4,4
445,8,8
446,9,9
447,0,0
448,6,6
449,8,8
450,1,1
451,6,6
452,7,7
453,7,7
454,5,5
455,2,2
456,3,3
457,0,0
458,7,7
459,9,9
460,6,6
461,8,8
462,2,2
463,8,0
464,0,0
465,6,6
466,9,9
467,9,9
468,1,1
469,5,5
470,5,5
471,9,9
472,4,4
473,4,4
474,9,9
475,0,0
476,0,0
477,5,5
478,6,6
479,8,8
480,6,6
481,0,0
482,0,0
483,3,3
484,5,5
485,0,0
486,8,8
487,9,9
488,2,2
489,2,2
490,4,4
491,5,5
492,1,1
493,6,6
494,1,1
495,2,2
496,9,9
497,4,4
498,0,0
499,9,9
500,1,1
501,6,6
502,1,1
503,0,0
504,5,5
505,9,9
506,7,7
507,2,2
508,2,2
509,1,1
510,4,4
511,7,7
512,7,7
513,2,2
514,1,1
515,1,1
516,7,7
517,0,0
518,2,2
519,2,2
520,6,6
521,3,3
522,0,0
523,8,8
524,7,7
525,8,8
526,9,9
527,4,4
528,2,2
529,1,1
530,0,0
531,0,0
532,3,3
533,9,9
534,8,8
535,4,4
536,3,3
537,2,2
538,9,9
539,7,7
540,7,7
541,4,4
542,3,3
543,7,7
544,6,6
545,7,7
546,1,1
547,6,6
548,4,4
549,7,7
550,4,4
551,5,5
552,2,2
553,9,9
554,9,9
555,8,8
556,3,3
557,5,5
558,8,8
559,1,1
560,2,2
561,1,1
562,9,9
563,3,3
564,4,4
565,7,7
566,4,4
567,7,7
568,4,4
569,0,0
570,5,5
571,1,1
572,4,4
573,4,4
574,7,7
575,3,3
576,3,3
577,4,4
578,2,2
579,2,2
580,1,1
581,9,9
582,2,2
583,1,1
584,0,0
585,1,1
586,4,4
587,5,5
588,8,8
589,0,0
590,2,0
591,9,9
592,8,8
593,5,5
594,3,3
595,9,9
596,4,4
597,5,5
598,1,1
599,3,3
600,9,9
601,1,1
602,2,2
603,8,8
604,8,8
605,1,1
606,6,6
607,2,2
608,8,8
609,0,0
610,8,8
611,0,0
612,7,7
613,7,7
614,6,4
615,2,2
616,9,9
617,5,5
618,7,7
619,3,3
620,6,6
621,7,7
622,7,7
623,2,2
624,7,7
625,0,0
626,4,4
627,2,2
628,4,4
629,9,9
630,3,3
631,2,2
632,7,7
633,6,6
634,2,2
635,6,6
636,8,8
637,4,4
638,4,4
639,6,6
640,0,0
641,0,0
642,7,2
643,5,5
644,8,8
645,4,9
646,6,6
647,0,0
648,6,6
649,7,7
650,7,7
651,5,5
652,4,4
653,9,9
654,7,7
655,6,6
656,8,8
657,0,0
658,8,8
659,4,9
660,5,5
661,3,3
662,0,0
663,9,7
664,0,0
665,0,0
666,8,8
667,4,4
668,0,0
669,5,5
670,6,6
671,9,9
672,7,7
673,6,6
674,1,1
675,2,2
676,6,6
677,8,8
678,7,7
679,3,3
680,1,1
681,3,3
682,7,2
683,6,6
684,5,5
685,8,8
686,8,8
687,1,1
688,5,5
689,4,4
690,1,1
691,1,1
692,8,8
693,4,4
694,2,2
695,5,5
696,5,5
697,7,7
698,7,7
699,4,4
700,6,6
701,7,7
702,9,9
703,9,9
704,4,4
705,2,2
706,8,8
707,9,9
708,5,5
709,8,8
710,2,2
711,8,8
712,6,6
713,4,4
714,2,2
715,1,1
716,0,0
717,9,9
718,7,7
719,9,9
720,7,7
721,6,6
722,0,0
723,8,8
724,6,6
725,8,8
726,5,5
727,5,5
728,8,8
729,2,2
730,6,6
731,3,3
732,2,2
733,9,9
734,2,2
735,3,3
736,0,8
737,3,3
738,2,2
739,4,4
740,9,9
741,1,1
742,5,5
743,7,7
744,8,8
745,1,1
746,8,8
747,4,4
748,9,9
749,1,1
750,3,3
751,1,1
752,0,0
753,5,5
754,5,5
755,8,8
756,0,0
757,4,4
758,7,7
759,9,9
760,4,4
761,2,7
762,0,0
763,5,3
764,5,5
765,0,0
766,1,1
767,6,6
768,7,7
769,3,3
770,3,3
771,6,6
772,4,4
773,1,1
774,8,8
775,1,1
776,7,7
777,2,2
778,0,0
779,8,8
780,9,9
781,0,0
782,3,3
783,1,1
784,7,2
785,9,9
786,0,0
787,6,6
788,5,4
789,2,2
790,2,2
791,8,8
792,7,7
793,6,6
794,1,1
795,3,3
796,0,0
797,0,0
798,9,9
799,7,7
800,1,1
801,9,9
802,5,5
803,0,0
804,9,9
805,0,0
806,3,3
807,2,2
808,9,9
809,8,8
810,1,9
811,1,1
812,0,0
813,8,8
814,3,3
815,2,2
816,2,2
817,0,0
818,0,0
819,6,6
820,6,6
821,9,9
822,7,7
823,1,1
824,7,7
825,1,1
826,5,5
827,6,6
828,8,8
829,4,4
830,8,8
831,7,7
832,7,7
833,8,8
834,3,3
835,9,9
836,3,3
837,6,6
838,0,0
839,0,0
840,7,7
841,2,2
842,3,3
843,3,3
844,3,3
845,2,2
846,1,1
847,2,2
848,9,9
849,5,5
850,9,9
851,8,8
852,0,0
853,4,4
854,8,8
855,6,6
856,9,9
857,4,4
858,7,7
859,2,2
860,0,0
861,1,1
862,0,0
863,1,1
864,0,0
865,3,3
866,6,6
867,0,0
868,9,9
869,5,5
870,8,8
871,9,9
872,8,8
873,2,2
874,7,7
875,2,2
876,7,7
877,8,8
878,7,7
879,0,0
880,3,3
881,3,3
882,6,6
883,9,9
884,5,5
885,2,2
886,3,3
887,4,4
888,1,1
889,5,5
890,1,1
891,9,9
892,3,3
893,6,6
894,2,2
895,8,8
896,7,7
897,5,5
898,8,8
899,2,7
900,8,8
901,8,8
902,8,8
903,7,7
904,6,6
905,8,8
906,1,1
907,2,2
908,2,2
909,3,3
910,1,1
911,8,8
912,6,6
913,8,8
914,8,8
915,0,0
916,0,0
917,3,3
918,8,8
919,4,9
920,5,5
921,0,0
922,2,2
923,1,1
924,9,9
925,2,2
926,8,8
927,5,5
928,1,1
929,2,2
930,7,7
931,6,6
932,7,7
933,1,1
934,1,1
935,1,1
936,1,1
937,4,4
938,1,1
939,3,3
940,7,7
941,8,8
942,2,2
943,6,6
944,5,5
945,1,1
946,1,1
947,0,0
948,2,2
949,8,8
950,5,5
951,5,5
952,4,4
953,8,8
954,5,5
955,5,5
956,4,4
957,1,1
958,0,0
959,7,7
960,6,6
961,2,2
962,3,3
963,1,1
964,1,1
965,8,8
966,5,5
967,9,9
968,3,3
969,5,5
970,3,3
971,0,0
972,2,2
973,7,7
974,6,6
975,8,8
976,4,4
977,9,9
978,3,3
979,6,6
980,3,3
981,7,7
982,0,0
983,4,4
984,9,9
985,7,7
986,1,1
987,1,1
988,8,8
989,1,1
990,2,2
991,7,7
992,5,5
993,3,3
994,5,3
995,6,6
996,1,1
997,6,6
998,8,8
999,2,2
1000,3,3
1001,8,8
1002,5,5
1003,6,6
1004,9,9
1005,9,9
1006,7,7
1007,9,9
1008,5,5
1009,3,3
1010,3,3
1011,7,7
1012,7,9
1013,6,6
1014,2,2
1015,2,2
1016,9,9
1017,7,7
1018,6,6
1019,7,7
1020,7,7
1021,8,0
1022,1,1
1023,4,4
1024,8,8
1025,3,3
1026,3,3
1027,5,5
1028,8,8
1029,7,7
1030,1,1
1031,7,7
1032,3,3
1033,7,7
1034,5,5
1035,9,9
1036,0,0
1037,7,7
1038,2,2
1039,2,2
1040,1,3
1041,9,9
1042,2,2
1043,2,2
1044,0,0
1045,5,5
1046,0,0
1047,4,4
1048,1,1
1049,5,5
1050,7,7
1051,8,8
1052,9,9
1053,6,6
1054,6,6
1055,3,3
1056,3,8
1057,7,7
1058,7,7
1059,9,9
1060,6,6
1061,5,5
1062,3,3
1063,4,4
1064,4,4
1065,6,6
1066,5,5
1067,0,0
1068,6,6
1069,1,1
1070,1,1
1071,3,3
1072,8,8
1073,9,9
1074,5,5
1075,9,9
1076,5,5
1077,0,0
1078,2,2
1079,6,6
1080,3,3
1081,3,3
1082,5,5
1083,2,2
1084,4,4
1085,2,2
1086,1,1
1087,0,0
1088,0,0
1089,9,9
1090,6,6
1091,0,0
1092,9,9
1093,7,7
1094,7,7
1095,9,9
1096,3,3
1097,9,9
1098,2,2
1099,8,8
1100,6,6
1101,1,1
1102,7,7
1103,7,7
1104,2,2
1105,6,6
1106,6,6
1107,9,9
1108,2,2
1109,1,1
1110,8,8
1111,8,8
1112,0,0
1113,1,1
1114,2,2
1115,4,4
1116,6,6
1117,6,6
1118,9,9
1119,1,1
1120,2,2
1121,3,3
1122,9,9
1123,1,1
1124,8,8
1125,5,5
1126,9,9
1127,3,3
1128,8,8
1129,7,7
1130,2,2
1131,6,6
1132,1,1
1133,7,7
1134,2,2
1135,1,1
1136,0,0
1137,9,9
1138,6,6
1139,7,7
1140,2,2
1141,5,5
1142,9,9
1143,3,3
1144,2,2
1145,0,6
1146,1,1
1147,7,7
1148,5,5
1149,5,5
1150,8,8
1151,1,1
1152,5,5
1153,4,4
1154,0,0
1155,2,2
1156,3,3
1157,9,9
1158,8,8
1159,9,9
1160,8,8
1161,0,0
1162,1,1
1163,4,4
1164,6,6
1165,7,7
1166,9,9
1167,0,0
1168,1,1
1169,9,9
1170,9,9
1171,4,4
1172,1,1
1173,3,3
1174,6,6
1175,7,7
1176,2,2
1177,5,5
1178,6,6
1179,6,6
1180,0,0
1181,0,0
1182,6,6
1183,3,3
1184,9,3
1185,4,4
1186,3,3
1187,1,1
1188,0,0
1189,6,6
1190,8,8
1191,7,7
1192,8,8
1193,0,0
1194,1,1
1195,1,1
1196,0,0
1197,6,6
1198,6,6
1199,3,3
1200,3,3
1201,7,7
1202,8,8
1203,9,9
1204,1,1
1205,0,0
1206,7,7
1207,4,4
1208,9,9
1209,7,7
1210,2,2
1211,6,6
1212,6,6
1213,9,9
1214,2,2
1215,9,9
1216,8,8
1217,4,4
1218,8,8
1219,7,7
1220,5,5
1221,3,3
1222,7,7
1223,4,4
1224,7,7
1225,5,5
1226,0,0
1227,7,7
1228,5,5
1229,6,6
1230,1,1
1231,2,2
1232,8,8
1233,2,2
1234,2,2
1235,4,4
1236,3,3
1237,5,5
1238,8,8
1239,7,7
1240,3,3
1241,1,1
1242,9,9
1243,6,6
1244,1,1
1245,7,7
1246,1,1
1247,0,0
1248,1,1
1249,0,0
1250,0,2
1251,0,0
1252,7,7
1253,2,2
1254,7,7
1255,3,3
1256,1,1
1257,2,2
1258,3,3
1259,6,6
1260,2,2
1261,5,5
1262,4,4
1263,7,7
1264,8,8
1265,1,1
1266,5,5
1267,8,8
1268,9,9
1269,0,0
1270,6,6
1271,7,7
1272,3,3
1273,0,0
1274,5,5
1275,3,3
1276,0,0
1277,0,0
1278,0,0
1279,4,4
1280,8,8
1281,8,8
1282,4,4
1283,8,8
1284,3,3
1285,2,2
1286,6,6
1287,8,8
1288,7,7
1289,6,6
1290,7,7
1291,5,5
1292,8,8
1293,1,1
1294,9,9
1295,7,7
1296,9,9
1297,7,7
1298,6,6
1299,4,4
1300,6,6
1301,9,9
1302,7,7
1303,2,2
1304,2,2
1305,1,1
1306,8,8
1307,2,2
1308,4,4
1309,1,1
1310,0,0
1311,9,9
1312,0,0
1313,8,8
1314,9,9
1315,6,6
1316,0,0
1317,4,4
1318,7,7
1319,0,0
1320,8,8
1321,0,0
1322,7,7
1323,6,6
1324,4,4
1325,2,2
1326,8,8
1327,3,3
1328,3,3
1329,2,2
1330,5,5
1331,2,2
1332,1,1
1333,6,6
1334,6,6
1335,9,9
1336,2,2
1337,9,9
1338,4,4
1339,5,5
1340,9,9
1341,1,1
1342,4,4
1343,9,9
1344,9,9
1345,6,6
1346,6,6
1347,5,5
1348,0,0
1349,2,2
1350,4,4
1351,3,3
1352,8,8
1353,6,6
1354,1,1
1355,5,5
1356,1,1
1357,8,8
1358,4,4
1359,0,0
1360,3,3
1361,0,0
1362,2,2
1363,4,4
1364,0,0
1365,4,4
1366,4,4
1367,4,4
1368,5,5
1369,6,6
1370,4,4
1371,5,5
1372,8,8
1373,4,4
1374,2,2
1375,5,5
1376,4,4
1377,7,7
1378,1,1
1379,5,5
1380,5,5
1381,5,5
1382,9,9
1383,2,2
1384,3,2
1385,2,2
1386,7,7
1387,5,5
1388,6,6
1389,2,2
1390,9,9
1391,9,9
1392,7,7
1393,2,2
1394,4,4
1395,9,9
1396,1,1
1397,1,1
1398,6,6
1399,9,9
1400,4,4
1401,9,9
1402,0,0
1403,2,2
1404,7,7
1405,3,3
1406,3,3
1407,3,3
1408,9,9
1409,7,7
1410,9,9
1411,8,8
1412,6,6
1413,4,4
1414,0,0
1415,9,9
1416,0,0
1417,8,8
1418,2,2
1419,0,0
1420,0,0
1421,6,6
1422,7,7
1423,8,8
1424,5,5
1425,9,9
1426,2,2
1427,8,8
1428,9,9
1429,6,6
1430,0,0
1431,6,6
1432,8,8
1433,0,5
1434,5,5
1435,3,3
1436,4,4
1437,2,2
1438,6,6
1439,1,1
1440,5,5
1441,4,4
1442,0,0
1443,6,6
1444,6,6
1445,5,5
1446,3,3
1447,0,0
1448,7,7
1449,5,5
1450,9,9
1451,1,1
1452,0,0
1453,6,6
1454,6,6
1455,2,2
1456,5,5
1457,9,9
1458,4,4
1459,3,3
1460,7,7
1461,0,0
1462,2,2
1463,9,9
1464,5,5
1465,9,9
1466,8,8
1467,4,4
1468,1,1
1469,6,6
1470,6,6
1471,2,2
1472,5,5
1473,2,2
1474,2,2
1475,9,9
1476,9,9
1477,7,7
1478,6,6
1479,3,3
1480,9,9
1481,9,9
1482,3,3
1483,7,7
1484,2,2
1485,1,1
1486,3,3
1487,1,1
1488,5,5
1489,6,6
1490,2,2
1491,7,7
1492,9,9
1493,5,5
1494,0,0
1495,3,3
1496,1,1
1497,6,6
1498,5,5
1499,8,8
1500,1,1
1501,9,9
1502,6,6
1503,1,1
1504,7,2
1505,1,1
1506,4,4
1507,5,5
1508,3,3
1509,6,6
1510,2,2
1511,0,0
1512,1,1
1513,1,1
1514,8,8
1515,9,9
1516,3,3
1517,2,2
1518,5,5
1519,2,2
1520,7,7
1521,9,9
1522,1,1
1523,2,2
1524,1,1
1525,2,2
1526,1,1
1527,1,1
1528,7,7
1529,6,6
1530,9,9
1531,3,3
1532,7,7
1533,4,4
1534,3,3
1535,9,9
1536,2,2
1537,0,6
1538,5,5
1539,6,6
1540,4,4
1541,7,7
1542,1,1
1543,5,5
1544,1,1
1545,2,2
1546,4,4
1547,5,7
1548,5,5
1549,5,5
1550,3,3
1551,5,5
1552,3,3
1553,3,3
1554,7,7
1555,0,0
1556,6,6
1557,6,6
1558,7,7
1559,4,4
1560,7,7
1561,3,3
1562,2,2
1563,5,5
1564,6,6
1565,2,2
1566,7,7
1567,6,6
1568,5,5
1569,1,1
1570,7,7
1571,7,7
1572,6,6
1573,1,1
1574,9,9
1575,8,8
1576,9,9
1577,9,9
1578,6,6
1579,9,9
1580,3,3
1581,8,8
1582,0,0
1583,1,1
1584,4,4
1585,9,9
1586,2,2
1587,0,0
1588,7,7
1589,2,2
1590,2,2
1591,1,1
1592,6,6
1593,8,8
1594,9,9
1595,4,4
1596,8,8
1597,1,1
1598,2,2
1599,4,4
1600,1,1
1601,4,4
1602,7,7
1603,9,9
1604,0,0
1605,8,8
1606,5,5
1607,1,1
1608,8,8
1609,8,8
1610,1,1
1611,2,2
1612,1,1
1613,7,7
1614,3,3
1615,7,7
1616,7,7
1617,3,3
1618,2,2
1619,0,0
1620,4,4
1621,2,2
1622,3,3
1623,0,0
1624,1,1
1625,6,6
1626,7,7
1627,7,7
1628,0,0
1629,2,2
1630,3,3
1631,0,0
1632,3,3
1633,5,5
1634,7,7
1635,6,6
1636,2,2
1637,1,1
1638,4,4
1639,2,2
1640,9,9
1641,6,6
1642,8,8
1643,7,7
1644,3,3
1645,9,9
1646,7,7
1647,0,0
1648,8,8
1649,4,4
1650,3,3
1651,2,2
1652,3,3
1653,8,1
1654,7,7
1655,8,8
1656,7,7
1657,1,1
1658,3,3
1659,7,8
1660,5,5
1661,1,1
1662,0,0
1663,4,4
1664,4,4
1665,7,7
1666,5,5
1667,6,6
1668,6,6
1669,6,6
1670,5,5
1671,8,8
1672,8,8
1673,0,0
1674,5,5
1675,6,6
1676,3,3
1677,7,7
1678,1,1
1679,8,8
1680,5,5
1681,6,6
1682,9,9
1683,4,4
1684,1,1
1685,3,3
1686,8,8
1687,3,3
1688,3,9
1689,3,3
1690,9,9
1691,8,8
1692,3,3
1693,5,5
1694,1,1
1695,7,7
1696,8,8
1697,7,7
1698,3,3
1699,9,9
1700,8,8
1701,1,1
1702,6,6
1703,4,4
1704,3,3
1705,6,6
1706,3,3
1707,9,9
1708,0,0
1709,5,5
1710,9,9
1711,9,9
1712,7,7
1713,6,6
1714,6,6
1715,0,0
1716,1,1
1717,3,3
1718,8,8
1719,8,8
1720,9,9
1721,2,2
1722,1,1
1723,1,1
1724,5,5
1725,7,7
1726,5,9
1727,6,6
1728,2,2
1729,1,1
1730,3,3
1731,3,3
1732,8,8
1733,6,6
1734,9,9
1735,0,0
1736,9,9
1737,8,8
1738,3,3
1739,4,4
1740,6,6
1741,0,0
1742,1,1
1743,1,1
1744,1,1
1745,8,8
1746,1,1
1747,6,6
1748,5,5
1749,8,8
1750,1,1
1751,2,2
1752,4,4
1753,2,2
1754,1,1
1755,4,4
1756,1,1
1757,0,0
1758,2,2
1759,6,6
1760,8,8
1761,7,7
1762,4,4
1763,7,7
1764,3,3
1765,4,4
1766,2,2
1767,3,3
1768,8,8
1769,0,0
1770,5,5
1771,7,7
1772,3,3
1773,6,6
1774,5,5
1775,3,3
1776,2,2
1777,9,9
1778,5,5
1779,9,9
1780,9,9
1781,1,1
1782,1,1
1783,6,6
1784,9,9
1785,3,3
1786,8,8
1787,3,3
1788,0,0
1789,8,8
1790,4,4
1791,7,7
1792,9,9
1793,6,6
1794,6,6
1795,9,9
1796,3,3
1797,8,8
1798,2,2
1799,4,4
1800,9,9
1801,1,1
1802,0,0
1803,8,8
1804,8,8
1805,9,9
1806,8,8
1807,8,8
1808,7,7
1809,8,8
1810,9,9
1811,4,4
1812,9,9
1813,0,0
1814,6,6
1815,7,7
1816,0,0
1817,0,0
1818,0,0
1819,3,3
1820,1,1
1821,4,4
1822,1,1
1823,5,5
1824,6,6
1825,1,1
1826,3,3
1827,1,1
1828,0,0
1829,0,0
1830,7,7
1831,0,0
1832,3,3
1833,6,6
1834,8,8
1835,0,0
1836,5,5
1837,8,8
1838,9,9
1839,2,2
1840,9,9
1841,5,5
1842,1,1
1843,1,1
1844,4,4
1845,5,5
1846,8,8
1847,8,8
1848,9,9
1849,7,7
1850,2,2
1851,6,6
1852,2,2
1853,6,6
1854,3,3
1855,4,4
1856,7,7
1857,5,5
1858,6,6
1859,2,2
1860,2,2
1861,2,2
1862,5,5
1863,7,7
1864,9,9
1865,6,6
1866,8,8
1867,2,1
1868,4,4
1869,7,7
1870,0,0
1871,0,0
1872,6,6
1873,6,6
1874,0,0
1875,3,3
1876,5,5
1877,6,6
1878,5,5
1879,4,4
1880,5,5
1881,2,2
1882,3,3
1883,6,6
1884,8,8
1885,4,4
1886,4,4
1887,4,4
1888,7,7
1889,9,9
1890,4,4
1891,9,9
1892,2,2
1893,7,7
1894,4,4
1895,0,0
1896,9,9
1897,6,6
1898,3,3
1899,9,9
1900,8,8
1901,0,0
1902,7,7
1903,4,4
1904,8,8
1905,7,7
1906,7,7
1907,9,9
1908,9,9
1909,6,6
1910,1,1
1911,2,2
1912,9,9
1913,5,5
1914,7,7
1915,2,2
1916,3,3
1917,6,6
1918,7,7
1919,7,7
1920,1,1
1921,4,4
1922,9,9
1923,8,8
1924,7,7
1925,3,3
1926,6,6
1927,1,1
1928,6,6
1929,4,4
1930,6,6
1931,5,5
1932,8,8
1933,9,9
1934,5,5
1935,3,3
1936,5,5
1937,5,5
1938,8,8
1939,7,7
1940,3,3
1941,9,9
1942,5,5
1943,5,5
1944,8,8
1945,4,4
1946,4,4
1947,4,4
1948,4,4
1949,4,4
1950,7,7
1951,1,1
1952,4,4
1953,6,6
1954,6,6
1955,4,4
1956,3,3
1957,3,3
1958,5,5
1959,6,6
1960,3,3
1961,3,3
1962,4,4
1963,4,4
1964,9,9
1965,2,2
1966,7,7
1967,5,5
1968,2,2
1969,6,6
1970,2,2
1971,7,7
1972,2,2
1973,8,8
1974,0,6
1975,4,4
1976,6,6
1977,9,9
1978,4,4
1979,6,6
1980,1,1
1981,7,7
1982,6,6
1983,2,2
1984,0,0
1985,1,1
1986,0,0
1987,7,7
1988,4,4
1989,9,9
1990,2,2
1991,5,5
1992,1,1
1993,6,6
1994,3,5
1995,7,7
1996,5,5
1997,5,5
1998,7,7
1999,0,0
2000,8,8
2001,5,5
2002,5,5
2003,6,6
2004,0,0
2005,2,2
2006,0,0
2007,5,5
2008,9,9
2009,3,3
2010,5,5
2011,4,4
2012,5,5
2013,8,8
2014,1,1
2015,9,9
2016,2,2
2017,9,9
2018,7,7
2019,6,6
2020,9,9
2021,5,5
2022,7,7
2023,2,2
2024,1,1
2025,4,4
2026,7,7
2027,9,9
2028,6,6
2029,8,8
2030,6,6
2031,5,5
2032,3,3
2033,6,6
2034,4,4
2035,4,4
2036,3,3
2037,5,5
2038,6,6
2039,0,0
2040,0,0
2041,6,6
2042,0,0
2043,7,7
2044,6,6
2045,1,1
2046,4,4
2047,7,7
2048,7,7
2049,6,6
2050,6,6
2051,8,8
2052,5,5
2053,9,9
2054,2,2
2055,4,4
2056,7,7
2057,2,2
2058,5,5
2059,6,6
2060,8,2
2061,2,2
2062,1,1
2063,1,1
2064,8,8
2065,5,5
2066,5,5
2067,7,7
2068,8,8
2069,1,1
2070,2,2
2071,3,3
2072,1,1
2073,0,1
2074,2,2
2075,3,3
2076,1,1
2077,6,6
2078,7,7
2079,0,0
2080,3,3
2081,6,6
2082,0,0
2083,7,7
2084,2,2
2085,0,0
2086,9,9
2087,1,1
2088,5,5
2089,6,6
2090,4,4
2091,1,1
2092,9,9
2093,1,1
2094,9,9
2095,4,4
2096,9,9
2097,8,8
2098,3,3
2099,1,1
2100,4,4
2101,3,3
2102,3,3
2103,4,4
2104,5,5
2105,4,4
2106,4,4
2107,1,1
2108,4,4
2109,8,8
2110,1,1
2111,4,4
2112,0,0
2113,7,7
2114,1,1
2115,4,4
2116,4,4
2117,8,8
2118,9,9
2119,1,1
2120,2,2
2121,2,2
2122,8,9
2123,6,6
2124,3,3
2125,4,4
2126,6,6
2127,0,0
2128,4,4
2129,3,3
2130,0,0
2131,4,4
2132,6,6
2133,8,8
2134,1,1
2135,2,2
2136,2,2
2137,1,1
2138,7,7
2139,0,0
2140,3,3
2141,3,3
2142,9,9
2143,1,1
2144,8,8
2145,7,7
2146,5,5
2147,1,1
2148,6,6
2149,4,4
2150,0,0
2151,6,6
2152,6,6
2153,5,5
2154,1,1
2155,8,8
2156,7,7
2157,3,3
2158,5,5
2159,4,4
2160,1,1
2161,8,8
2162,0,0
2163,2,2
2164,0,0
2165,3,3
2166,7,7
2167,6,6
2168,6,6
2169,4,4
2170,5,5
2171,2,2
2172,0,0
2173,7,7
2174,9,5
2175,2,2
2176,8,8
2177,2,2
2178,1,1
2179,8,8
2180,5,5
2181,4,1
2182,5,5
2183,6,6
2184,3,3
2185,9,9
2186,6,6
2187,9,9
2188,0,0
2189,4,4
2190,8,8
2191,7,7
2192,8,8
2193,3,3
2194,9,9
2195,4,4
2196,9,9
2197,5,5
2198,1,1
2199,8,8
2200,4,4
2201,7,7
2202,8,8
2203,5,5
2204,3,3
2205,1,1
2206,9,9
2207,1,1
2208,0,0
2209,1,1
2210,6,6
2211,0,0
2212,4,4
2213,2,2
2214,0,0
2215,4,4
2216,0,0
2217,8,8
2218,0,0
2219,3,3
2220,6,6
2221,6,6
2222,9,9
2223,3,3
2224,4,4
2225,8,8
2226,2,2
2227,9,9
2228,7,7
2229,9,9
2230,7,7
2231,1,1
2232,4,4
2233,0,0
2234,8,8
2235,3,3
2236,0,0
2237,2,2
2238,7,7
2239,2,2
2240,1,1
2241,1,1
2242,9,9
2243,7,7
2244,1,1
2245,5,5
2246,3,3
2247,5,5
2248,0,0
2249,1,1
2250,9,9
2251,7,7
2252,1,1
2253,2,2
2254,8,8
2255,6,6
2256,5,5
2257,9,9
2258,7,7
2259,0,0
2260,2,2
2261,4,4
2262,7,7
2263,7,7
2264,6,6
2265,8,8
2266,1,1
2267,5,5
2268,9,9
2269,7,7
2270,5,5
2271,7,7
2272,4,4
2273,3,3
2274,3,3
2275,6,6
2276,5,5
2277,3,3
2278,4,4
2279,7,7
2280,9,9
2281,0,0
2282,5,5
2283,3,3
2284,1,1
2285,8,8
2286,6,6
2287,9,9
2288,9,9
2289,9,9
2290,0,0
2291,5,9
2292,2,2
2293,9,9
2294,1,1
2295,6,6
2296,4,4
2297,1,1
2298,9,9
2299,6,6
2300,8,8
2301,4,4
2302,1,1
2303,5,5
2304,8,8
2305,3,3
2306,9,9
2307,7,7
2308,7,7
2309,4,4
2310,8,8
2311,9,9
2312,7,7
2313,0,0
2314,4,4
2315,6,6
2316,7,7
2317,1,1
2318,8,8
2319,4,4
2320,2,2
2321,0,0
2322,3,3
2323,1,1
2324,1,1
2325,5,5
2326,6,6
2327,7,7
2328,0,0
2329,2,2
2330,2,2
2331,0,0
2332,5,5
2333,8,8
2334,1,1
2335,9,9
2336,1,1
2337,3,3
2338,0,0
2339,3,3
2340,0,0
2341,5,5
2342,0,0
2343,1,1
2344,3,3
2345,4,4
2346,6,6
2347,2,2
2348,9,9
2349,9,9
2350,9,9
2351,6,6
2352,6,6
2353,8,8
2354,1,1
2355,8,8
2356,7,7
2357,7,7
2358,2,2
2359,5,5
2360,8,8
2361,4,4
2362,5,5
2363,5,5
2364,6,6
2365,3,3
2366,9,9
2367,1,1
2368,8,8
2369,7,7
2370,1,1
2371,9,9
2372,7,7
2373,1,1
2374,3,3
2375,3,3
2376,9,9
2377,1,1
2378,4,4
2379,6,6
2380,9,9
2381,2,2
2382,8,8
2383,5,5
2384,5,5
2385,6,6
2386,5,5
2387,7,7
2388,1,1
2389,4,4
2390,3,3
2391,6,6
2392,5,5
2393,1,1
2394,8,8
2395,7,7
2396,1,1
2397,1,1
2398,0,0
2399,2,2
2400,6,6
2401,7,7
2402,5,5
2403,5,5
2404,9,9
2405,3,3
2406,7,7
2407,6,6
2408,0,0
2409,0,0
2410,9,9
2411,0,0
2412,7,7
2413,9,9
2414,4,4
2415,5,5
2416,4,4
2417,5,5
2418,0,0
2419,4,4
2420,5,5
2421,3,3
2422,0,0
2423,1,1
2424,6,6
2425,9,8
2426,9,9
2427,3,3
2428,9,9
2429,1,1
2430,3,3
2431,5,5
2432,1,1
2433,9,9
2434,3,3
2435,0,0
2436,0,0
2437,4,4
2438,8,8
2439,6,6
2440,6,6
2441,9,9
2442,3,3
2443,8,8
2444,7,7
2445,1,1
2446,9,9
2447,3,3
2448,3,3
2449,5,5
2450,2,2
2451,3,3
2452,6,6
2453,3,3
2454,4,4
2455,7,7
2456,9,9
2457,4,4
2458,3,3
2459,6,6
2460,3,3
2461,3,3
2462,9,9
2463,7,7
2464,1,1
2465,7,2
2466,2,2
2467,3,3
2468,2,2
2469,3,3
2470,9,9
2471,3,3
2472,8,8
2473,9,9
2474,2,2
2475,3,3
2476,4,4
2477,5,5
2478,6,6
2479,8,8
2480,4,4
2481,4,4
2482,5,5
2483,3,3
2484,1,1
2485,3,3
2486,1,1
2487,6,6
2488,9,9
2489,5,5
2490,8,8
2491,7,7
2492,7,7
2493,0,0
2494,2,2
2495,7,7
2496,8,8
2497,2,2
2498,1,1
2499,1,1
2500,3,3
2501,3,3
2502,8,8
2503,4,4
2504,5,5
2505,6,6
2506,3,3
2507,7,7
2508,4,4
2509,9,9
2510,8,8
2511,1,1
2512,9,9
2513,2,2
2514,4,4
2515,3,3
2516,9,9
2517,2,2
2518,2,2
2519,7,7
2520,2,2
2521,5,5
2522,4,4
2523,5,3
2524,2,2
2525,0,0
2526,9,9
2527,4,8
2528,3,3
2529,6,6
2530,9,9
2531,1,1
2532,9,9
2533,9,9
2534,1,1
2535,2,2
2536,6,6
2537,0,0
2538,3,3
2539,6,6
2540,5,5
2541,7,7
2542,3,3
2543,3,3
2544,0,0
2545,0,0
2546,8,9
2547,8,8
2548,9,9
2549,3,3
2550,2,2
2551,5,5
2552,8,8
2553,7,7
2554,1,1
2555,0,0
2556,0,0
2557,8,8
2558,1,1
2559,8,8
2560,0,0
2561,2,2
2562,4,4
2563,2,2
2564,8,8
2565,5,5
2566,3,3
2567,0,0
2568,8,8
2569,2,2
2570,6,6
2571,9,9
2572,3,3
2573,4,4
2574,7,7
2575,9,9
2576,1,1
2577,1,1
2578,3,3
2579,6,6
2580,2,2
2581,2,2
2582,8,8
2583,0,0
2584,1,1
2585,5,5
2586,5,5
2587,9,9
2588,4,4
2589,4,4
2590,5,5
2591,3,5
2592,3,3
2593,6,6
2594,5,5
2595,0,0
2596,6,6
2597,7,7
2598,8,8
2599,7,7
2600,6,5
2601,5,5
2602,3,3
2603,3,3
2604,9,9
2605,3,3
2606,8,8
2607,0,9
2608,6,6
2609,9,9
2610,6,5
2611,8,8
2612,0,0
2613,7,7
2614,8,8
2615,4,4
2616,7,7
2617,1,1
2618,3,3
2619,2,2
2620,9,9
2621,4,4
2622,8,8
2623,6,6
2624,6,6
2625,1,1
2626,8,8
2627,9,4
2628,9,9
2629,4,4
2630,4,4
2631,1,1
2632,0,0
2633,6,6
2634,5,5
2635,7,7
2636,0,0
2637,3,3
2638,5,5
2639,9,9
2640,6,6
2641,7,7
2642,3,3
2643,4,4
2644,7,7
2645,9,9
2646,7,7
2647,0,0
2648,8,8
2649,3,3
2650,4,4
2651,4,4
2652,3,3
2653,7,7
2654,5,5
2655,0,0
2656,6,6
2657,1,1
2658,0,0
2659,3,3
2660,4,4
2661,0,0
2662,5,5
2663,1,1
2664,0,0
2665,3,3
2666,2,2
2667,8,8
2668,2,2
2669,3,3
2670,6,6
2671,7,7
2672,2,2
2673,9,9
2674,5,5
2675,5,3
2676,1,1
2677,0,0
2678,8,8
2679,3,3
2680,3,3
2681,4,4
2682,7,7
2683,1,1
2684,7,7
2685,3,3
2686,2,2
2687,5,5
2688,0,0
2689,5,5
2690,1,1
2691,2,2
2692,7,7
2693,5,5
2694,9,9
2695,3,3
2696,6,6
2697,9,9
2698,2,2
2699,1,1
2700,1,1
2701,0,0
2702,5,5
2703,5,5
2704,1,1
2705,7,7
2706,5,5
2707,5,5
2708,5,5
2709,0,0
2710,9,9
2711,5,5
2712,1,1
2713,6,6
2714,3,3
2715,5,5
2716,3,3
2717,7,7
2718,8,8
2719,2,2
2720,1,1
2721,8,8
2722,3,3
2723,9,9
2724,9,9
2725,7,7
2726,0,0
2727,4,4
2728,4,4
2729,5,5
2730,7,7
2731,4,4
2732,1,1
2733,3,3
2734,1,1
2735,3,3
2736,9,9
2737,1,1
2738,5,5
2739,3,3
2740,9,9
2741,3,3
2742,4,4
2743,8,8
2744,4,4
2745,4,4
2746,3,3
2747,2,2
2748,5,5
2749,7,7
2750,6,6
2751,0,0
2752,3,3
2753,7,3
2754,1,1
2755,9,9
2756,7,7
2757,8,8
2758,0,0
2759,2,2
2760,7,7
2761,2,2
2762,0,0
2763,1,1
2764,8,8
2765,5,5
2766,6,6
2767,1,1
2768,9,9
2769,9,9
2770,2,2
2771,4,4
2772,1,1
2773,4,4
2774,2,2
2775,8,8
2776,5,5
2777,9,9
2778,6,6
2779,3,3
2780,9,9
2781,7,7
2782,3,3
2783,2,2
2784,7,7
2785,4,4
2786,3,3
2787,5,5
2788,2,2
2789,1,1
2790,2,2
2791,3,3
2792,4,4
2793,3,3
2794,5,5
2795,2,2
2796,2,2
2797,9,7
2798,8,8
2799,3,3
2800,8,8
2801,0,0
2802,7,7
2803,9,9
2804,1,1
2805,8,8
2806,2,2
2807,4,4
2808,6,6
2809,2,2
2810,3,3
2811,6,6
2812,0,0
2813,2,2
2814,5,5
2815,9,9
2816,0,0
2817,7,7
2818,2,2
2819,2,2
2820,2,2
2821,9,9
2822,4,4
2823,6,6
2824,4,4
2825,9,9
2826,0,0
2827,5,5
2828,6,6
2829,4,4
2830,0,0
2831,8,8
2832,0,0
2833,1,1
2834,2,2
2835,1,1
2836,5,5
2837,7,7
2838,6,6
2839,5,5
2840,7,7
2841,4,4
2842,4,4
2843,8,8
2844,8,8
2845,6,6
2846,7,7
2847,8,8
2848,6,6
2849,1,1
2850,1,1
2851,2,2
2852,9,9
2853,9,9
2854,6,6
2855,2,2
2856,6,6
2857,1,1
2858,7,7
2859,0,0
2860,4,4
2861,9,9
2862,4,4
2863,9,9
2864,2,2
2865,4,4
2866,3,3
2867,5,5
2868,1,1
2869,9,9
2870,8,8
2871,3,3
2872,2,2
2873,4,4
2874,4,4
2875,1,1
2876,6,6
2877,3,3
2878,2,2
2879,5,5
2880,5,5
2881,1,1
2882,9,9
2883,4,4
2884,7,7
2885,7,7
2886,5,5
2887,6,6
2888,9,8
2889,1,1
2890,1,1
2891,1,1
2892,9,9
2893,7,7
2894,9,9
2895,8,8
2896,2,2
2897,8,8
2898,4,4
2899,2,2
2900,4,4
2901,3,5
2902,6,6
2903,8,8
2904,8,8
2905,3,3
2906,5,5
2907,7,7
2908,5,5
2909,6,6
2910,1,1
2911,9,9
2912,0,0
2913,7,7
2914,4,4
2915,1,1
2916,8,8
2917,2,2
2918,0,0
2919,4,4
2920,9,9
2921,3,2
2922,8,8
2923,5,5
2924,0,0
2925,5,5
2926,7,7
2927,5,5
2928,0,0
2929,2,2
2930,7,7
2931,3,3
2932,8,8
2933,9,9
2934,5,5
2935,0,0
2936,7,7
2937,4,4
2938,7,7
2939,8,8
2940,1,1
2941,3,3
2942,3,3
2943,5,5
2944,7,7
2945,0,0
2946,6,6
2947,1,1
2948,6,6
2949,1,1
2950,6,6
2951,1,1
2952,0,0
2953,3,3
2954,8,8
2955,1,1
2956,1,1
2957,4,0
2958,7,7
2959,5,5
2960,6,6
2961,6,6
2962,4,4
2963,4,4
2964,3,3
2965,1,1
2966,0,0
2967,2,2
2968,4,4
2969,5,5
2970,2,2
2971,9,9
2972,8,8
2973,5,5
2974,4,4
2975,2,2
2976,4,4
2977,0,0
2978,9,9
2979,0,0
2980,0,0
2981,1,1
2982,0,0
2983,4,4
2984,8,8
2985,5,5
2986,8,8
2987,3,3
2988,1,1
2989,9,9
2990,1,1
2991,5,5
2992,0,0
2993,9,9
2994,7,7
2995,0,0
2996,5,5
2997,8,8
2998,2,2
2999,3,3
3000,7,7
3001,7,7
3002,6,6
3003,2,2
3004,8,8
3005,0,0
3006,3,3
3007,5,5
3008,9,9
3009,2,2
3010,3,3
3011,8,8
3012,1,1
3013,0,0
3014,9,9
3015,5,5
3016,8,8
3017,4,7
3018,5,5
3019,0,0
3020,7,7
3021,3,3
3022,6,6
3023,2,2
3024,7,7
3025,9,9
3026,6,6
3027,3,3
3028,7,7
3029,7,7
3030,7,7
3031,1,1
3032,3,3
3033,2,2
3034,5,5
3035,6,6
3036,7,7
3037,2,2
3038,9,7
3039,3,3
3040,7,7
3041,4,4
3042,1,1
3043,3,3
3044,8,8
3045,1,1
3046,3,3
3047,2,2
3048,6,6
3049,9,9
3050,1,1
3051,8,8
3052,6,6
3053,9,9
3054,2,2
3055,4,4
3056,8,8
3057,7,7
3058,4,4
3059,2,2
3060,5,5
3061,2,2
3062,6,6
3063,8,8
3064,2,2
3065,1,1
3066,0,0
3067,2,2
3068,4,4
3069,4,4
3070,4,4
3071,8,8
3072,1,1
3073,3,3
3074,1,1
3075,9,9
3076,4,4
3077,8,8
3078,5,5
3079,0,0
3080,8,8
3081,4,4
3082,3,2
3083,9,9
3084,0,0
3085,1,1
3086,2,2
3087,5,3
3088,5,5
3089,8,8
3090,5,5
3091,4,4
3092,4,4
3093,8,8
3094,3,3
3095,1,1
3096,2,2
3097,1,1
3098,5,5
3099,8,8
3100,3,3
3101,9,9
3102,0,0
3103,9,9
3104,5,5
3105,1,1
3106,0,0
3107,0,0
3108,0,0
3109,7,7
3110,6,6
3111,1,1
3112,6,6
3113,5,5
3114,8,8
3115,3,3
3116,9,9
3117,4,4
3118,6,6
3119,1,1
3120,8,8
3121,7,7
3122,7,7
3123,2,2
3124,9,9
3125,8,8
3126,2,2
3127,7,7
3128,3,3
3129,0,0
3130,4,4
3131,8,8
3132,6,6
3133,3,3
3134,2,2
3135,4,4
3136,2,7
3137,1,1
3138,3,3
3139,5,5
3140,7,7
3141,3,3
3142,0,0
3143,8,8
3144,8,8
3145,1,1
3146,8,8
3147,1,1
3148,1,2
3149,2,2
3150,7,7
3151,6,6
3152,6,6
3153,8,8
3154,7,7
3155,6,6
3156,2,2
3157,9,4
3158,8,8
3159,5,5
3160,4,4
3161,9,9
3162,9,9
3163,0,0
3164,7,7
3165,1,1
3166,9,9
3167,7,7
3168,3,3
3169,5,5
3170,9,9
3171,2,2
3172,0,0
3173,5,5
3174,0,0
3175,5,5
3176,7,7
3177,6,6
3178,0,0
3179,5,5
3180,4,4
3181,4,4
3182,5,5
3183,2,2
3184,0,0
3185,1,1
3186,9,9
3187,7,7
3188,4,4
3189,6,6
3190,9,9
3191,3,3
3192,4,4
3193,6,6
3194,7,7
3195,9,9
3196,5,5
3197,9,9
3198,9,9
3199,2,2
3200,9,4
3201,0,0
3202,1,1
3203,6,6
3204,1,1
3205,0,0
3206,2,2
3207,0,0
3208,0,0
3209,4,4
3210,1,1
3211,7,7
3212,4,3
3213,6,6
3214,1,1
3215,3,3
3216,0,0
3217,0,0
3218,7,7
3219,8,8
3220,3,3
3221,1,1
3222,8,8
3223,9,9
3224,4,4
3225,4,4
3226,5,5
3227,0,0
3228,5,5
3229,2,2
3230,7,7
3231,7,7
3232,9,9
3233,5,5
3234,9,9
3235,9,9
3236,5,5
3237,6,6
3238,0,0
3239,6,6
3240,6,6
3241,8,8
3242,3,3
3243,9,9
3244,4,4
3245,3,3
3246,4,4
3247,6,6
3248,7,7
3249,9,9
3250,9,9
3251,4,4
3252,3,3
3253,7,7
3254,4,4
3255,9,9
3256,4,4
3257,7,7
3258,9,9
3259,9,9
3260,4,4
3261,2,2
3262,6,6
3263,4,4
3264,9,9
3265,8,3
3266,2,2
3267,7,7
3268,8,8
3269,1,1
3270,5,5
3271,1,1
3272,3,3
3273,2,2
3274,5,5
3275,4,4
3276,1,1
3277,9,9
3278,4,4
3279,7,7
3280,2,2
3281,8,8
3282,0,0
3283,9,9
3284,7,7
3285,3,8
3286,1,1
3287,8,8
3288,2,2
3289,4,4
3290,6,6
3291,9,9
3292,6,6
3293,3,3
3294,8,8
3295,0,0
3296,0,0
3297,9,9
3298,9,9
3299,5,5
3300,2,2
3301,0,0
3302,6,6
3303,1,1
3304,0,0
3305,0,0
3306,4,4
3307,5,5
3308,2,2
3309,8,8
3310,0,0
3311,3,3
3312,3,3
3313,5,5
3314,0,0
3315,4,4
3316,8,8
3317,0,0
3318,0,0
3319,4,4
3320,9,7
3321,0,0
3322,6,6
3323,0,0
3324,0,0
3325,8,8
3326,5,5
3327,0,0
3328,8,8
3329,0,0
3330,1,1
3331,9,9
3332,6,6
3333,0,0
3334,4,4
3335,3,3
3336,8,8
3337,9,9
3338,1,1
3339,3,3
3340,0,0
3341,1,1
3342,0,0
3343,6,6
3344,6,6
3345,6,6
3346,8,8
3347,4,4
3348,9,9
3349,5,5
3350,4,4
3351,3,3
3352,1,1
3353,0,0
3354,4,4
3355,2,2
3356,5,5
3357,9,7
3358,6,6
3359,1,1
3360,6,6
3361,7,7
3362,3,3
3363,1,1
3364,2,2
3365,8,8
3366,6,6
3367,4,4
3368,8,8
3369,0,0
3370,9,9
3371,2,2
3372,4,4
3373,1,1
3374,3,3
3375,4,4
3376,8,8
3377,4,4
3378,3,3
3379,4,4
3380,9,9
3381,3,3
3382,2,2
3383,9,9
3384,7,7
3385,5,5
3386,2,2
3387,0,0
3388,3,3
3389,7,7
3390,6,6
3391,0,0
3392,6,6
3393,8,8
3394,6,6
3395,2,2
3396,5,5
3397,5,5
3398,4,4
3399,1,1
3400,2,2
3401,9,9
3402,5,5
3403,6,6
3404,1,1
3405,9,9
3406,6,6
3407,3,3
3408,7,7
3409,3,3
3410,2,2
3411,9,9
3412,9,9
3413,1,1
3414,3,3
3415,0,0
3416,7,7
3417,2,2
3418,0,0
3419,5,5
3420,6,8
3421,7,7
3422,5,5
3423,9,9
3424,6,6
3425,9,9
3426,3,3
3427,3,3
3428,6,6
3429,1,1
3430,8,8
3431,2,2
3432,7,7
3433,2,2
3434,2,2
3435,7,7
3436,9,9
3437,2,2
3438,5,5
3439,7,7
3440,9,9
3441,1,1
3442,0,0
3443,1,1
3444,2,2
3445,5,5
3446,0,0
3447,3,3
3448,3,3
3449,8,8
3450,4,4
3451,8,8
3452,4,4
3453,3,3
3454,2,2
3455,2,2
3456,9,9
3457,7,7
3458,4,4
3459,3,3
3460,5,5
3461,0,0
3462,0,0
3463,4,4
3464,7,8
3465,8,8
3466,9,9
3467,6,6
3468,0,0
3469,7,7
3470,7,7
3471,5,5
3472,9,9
3473,3,3
3474,9,9
3475,5,5
3476,4,4
3477,5,5
3478,0,0
3479,3,3
3480,7,7
3481,3,3
3482,6,6
3483,1,1
3484,2,2
3485,2,2
3486,8,8
3487,0,0
3488,9,9
3489,7,7
3490,6,6
3491,9,9
3492,4,4
3493,6,6
3494,2,2
3495,0,0
3496,9,9
3497,4,4
3498,7,7
3499,5,2
3500,7,7
3501,4,4
3502,5,5
3503,2,2
3504,6,6
3505,9,9
3506,5,5
3507,5,5
3508,5,5
3509,7,7
3510,5,5
3511,3,3
3512,6,6
3513,3,3
3514,6,6
3515,1,1
3516,4,4
3517,1,1
3518,0,0
3519,7,7
3520,3,3
3521,2,2
3522,4,4
3523,9,9
3524,2,2
3525,3,3
3526,1,1
3527,2,2
3528,8,8
3529,2,2
3530,5,5
3531,1,1
3532,8,8
3533,3,3
3534,8,8
3535,6,6
3536,7,7
3537,1,1
3538,7,7
3539,7,7
3540,6,6
3541,4,4
3542,7,7
3543,7,7
3544,7,7
3545,6,6
3546,6,6
3547,3,3
3548,4,4
3549,7,7
3550,1,1
3551,9,9
3552,4,4
3553,9,7
3554,9,9
3555,9,9
3556,3,3
3557,3,3
3558,1,1
3559,0,0
3560,0,0
3561,0,0
3562,2,2
3563,3,3
3564,8,8
3565,3,3
3566,0,0
3567,7,7
3568,2,2
3569,0,0
3570,6,6
3571,8,8
3572,6,6
3573,6,6
3574,5,5
3575,3,3
3576,7,7
3577,5,5
3578,5,5
3579,0,0
3580,7,7
3581,8,8
3582,2,2
3583,4,4
3584,1,1
3585,0,0
3586,3,3
3587,0,0
3588,4,4
3589,8,8
3590,7,7
3591,1,1
3592,8,8
3593,6,6
3594,0,0
3595,3,3
3596,4,4
3597,4,4
3598,1,1
3599,4,4
3600,9,9
3601,7,7
3602,8,8
3603,0,0
3604,4,4
3605,6,6
3606,2,2
3607,3,3
3608,6,6
3609,4,4
3610,4,4
3611,4,4
3612,2,2
3613,8,8
3614,2,2
3615,1,1
3616,7,7
3617,5,5
3618,7,7
3619,1,1
3620,8,8
3621,0,0
3622,0,0
3623,0,0
3624,0,0
3625,0,0
3626,4,4
3627,2,2
3628,1,1
3629,4,4
3630,4,4
3631,6,6
3632,8,8
3633,5,5
3634,7,7
3635,0,0
3636,5,5
3637,5,5
3638,0,0
3639,4,4
3640,1,1
3641,4,4
3642,3,3
3643,4,4
3644,0,0
3645,2,2
3646,3,3
3647,1,1
3648,7,7
3649,9,9
3650,0,0
3651,8,8
3652,9,7
3653,5,5
3654,9,9
3655,7,7
3656,0,0
3657,9,9
3658,2,2
3659,8,8
3660,7,7
3661,5,5
3662,8,8
3663,6,6
3664,7,7
3665,5,5
3666,8,8
3667,9,9
3668,2,2
3669,1,1
3670,1,1
3671,8,8
3672,7,7
3673,3,3
3674,4,4
3675,8,8
3676,7,7
3677,7,7
3678,7,7
3679,9,9
3680,2,2
3681,4,4
3682,8,8
3683,7,7
3684,3,3
3685,7,7
3686,3,3
3687,8,8
3688,6,6
3689,2,2
3690,5,5
3691,1,1
3692,8,9
3693,3,3
3694,7,7
3695,2,2
3696,2,2
3697,4,4
3698,5,8
3699,5,5
3700,6,6
3701,7,7
3702,2,2
3703,3,3
3704,9,9
3705,8,8
3706,9,9
3707,8,8
3708,7,7
3709,6,6
3710,8,8
3711,8,8
3712,0,0
3713,7,7
3714,4,4
3715,6,6
3716,5,5
3717,1,1
3718,6,6
3719,5,5
3720,5,5
3721,0,0
3722,3,3
3723,7,7
3724,1,1
3725,6,6
3726,6,6
3727,3,3
3728,2,2
3729,0,0
3730,6,6
3731,9,9
3732,4,4
3733,4,4
3734,4,4
3735,1,1
3736,0,0
3737,2,2
3738,5,5
3739,5,5
3740,0,0
3741,2,2
3742,1,1
3743,9,9
3744,7,7
3745,5,5
3746,2,2
3747,8,8
3748,7,7
3749,9,9
3750,1,1
3751,4,4
3752,3,3
3753,5,5
3754,3,3
3755,0,0
3756,9,9
3757,2,2
3758,2,2
3759,8,8
3760,4,4
3761,0,0
3762,9,9
3763,1,1
3764,4,4
3765,5,5
3766,7,7
3767,8,8
3768,8,8
3769,0,0
3770,1,1
3771,9,9
3772,5,5
3773,7,7
3774,5,5
3775,6,6
3776,8,8
3777,1,1
3778,1,1
3779,8,8
3780,1,1
3781,8,8
3782,8,8
3783,9,9
3784,3,3
3785,4,4
3786,8,8
3787,5,5
3788,4,4
3789,8,8
3790,6,6
3791,5,5
3792,6,6
3793,0,0
3794,3,3
3795,5,5
3796,2,2
3797,0,0
3798,3,3
3799,4,4
3800,5,5
3801,7,7
3802,1,1
3803,4,4
3804,8,8
3805,8,8
3806,3,3
3807,6,6
3808,9,9
3809,2,2
3810,3,3
3811,8,8
3812,0,0
3813,7,7
3814,7,7
3815,2,2
3816,8,8
3817,2,2
3818,0,0
3819,5,5
3820,2,2
3821,5,5
3822,9,9
3823,2,2
3824,1,1
3825,2,2
3826,4,4
3827,0,0
3828,4,4
3829,5,5
3830,7,7
3831,4,4
3832,6,6
3833,0,0
3834,2,2
3835,9,9
3836,7,7
3837,3,3
3838,7,7
3839,4,4
3840,4,4
3841,0,0
3842,9,9
3843,7,7
3844,6,6
3845,1,1
3846,1,1
3847,0,0
3848,3,3
3849,4,4
3850,0,0
3851,2,8
3852,9,9
3853,8,8
3854,0,0
3855,8,8
3856,6,6
3857,7,7
3858,9,9
3859,2,2
3860,4,4
3861,1,1
3862,4,4
3863,6,6
3864,9,9
3865,6,6
3866,5,5
3867,3,3
3868,1,1
3869,8,8
3870,9,9
3871,4,4
3872,6,6
3873,0,0
3874,2,2
3875,9,9
3876,1,1
3877,0,0
3878,7,7
3879,0,0
3880,8,8
3881,0,0
3882,4,4
3883,5,5
3884,8,8
3885,2,2
3886,2,2
3887,3,3
3888,9,9
3889,5,5
3890,2,2
3891,1,1
3892,3,3
3893,0,0
3894,9,0
3895,3,3
3896,1,1
3897,1,1
3898,1,1
3899,4,4
3900,1,1
3901,3,3
3902,0,0
3903,5,5
3904,2,2
3905,5,5
3906,2,2
3907,0,0
3908,4,4
3909,3,3
3910,8,8
3911,4,4
3912,2,2
3913,8,8
3914,6,6
3915,7,7
3916,8,8
3917,1,1
3918,4,4
3919,5,5
3920,1,1
3921,6,6
3922,7,1
3923,4,4
3924,0,0
3925,7,7
3926,3,3
3927,7,7
3928,1,1
3929,5,5
3930,9,9
3931,1,1
3932,3,3
3933,8,8
3934,4,4
3935,3,3
3936,4,4
3937,4,4
3938,4,4
3939,2,2
3940,3,3
3941,1,1
3942,5,5
3943,3,3
3944,9,9
3945,3,3
3946,2,2
3947,2,2
3948,1,1
3949,3,3
3950,1,1
3951,9,9
3952,3,3
3953,1,1
3954,6,6
3955,0,0
3956,7,7
3957,3,3
3958,7,7
3959,7,7
3960,9,9
3961,7,7
3962,6,6
3963,1,1
3964,4,4
3965,9,9
3966,0,0
3967,8,8
3968,9,9
3969,9,9
3970,7,7
3971,8,8
3972,7,7
3973,3,3
3974,2,2
3975,0,0
3976,5,5
3977,5,5
3978,9,9
3979,1,1
3980,4,4
3981,1,1
3982,7,7
3983,1,1
3984,1,1
3985,9,9
3986,2,2
3987,3,3
3988,8,8
3989,6,6
3990,4,4
3991,6,6
3992,0,0
3993,7,7
3994,9,9
3995,0,0
3996,3,3
3997,2,2
3998,9,9
3999,0,0
4000,9,3
4001,0,0
4002,7,7
4003,3,3
4004,3,3
4005,8,8
4006,2,2
4007,1,1
4008,4,4
4009,3,3
4010,5,5
4011,3,3
4012,5,5
4013,2,2
4014,6,6
4015,9,9
4016,2,2
4017,2,2
4018,9,9
4019,4,4
4020,2,2
4021,1,1
4022,1,1
4023,5,5
4024,0,0
4025,4,4
4026,6,6
4027,9,9
4028,6,6
4029,1,1
4030,4,4
4031,8,8
4032,9,9
4033,7,7
4034,4,4
4035,5,5
4036,0,0
4037,5,5
4038,0,0
4039,2,2
4040,6,6
4041,9,9
4042,6,6
4043,2,2
4044,7,7
4045,3,3
4046,0,0
4047,1,1
4048,3,3
4049,6,6
4050,0,0
4051,2,2
4052,1,1
4053,6,6
4054,8,8
4055,5,5
4056,8,8
4057,4,4
4058,7,7
4059,8,8
4060,4,4
4061,9,9
4062,2,2
4063,8,8
4064,3,3
4065,8,8
4066,8,8
4067,1,1
4068,0,0
4069,0,0
4070,0,0
4071,4,4
4072,1,1
4073,8,8
4074,7,7
4075,0,0
4076,0,0
4077,7,7
4078,7,7
4079,1,1
4080,2,2
4081,3,3
4082,6,6
4083,9,9
4084,4,4
4085,6,6
4086,4,4
4087,1,1
4088,6,6
4089,9,9
4090,0,0
4091,7,7
4092,0,0
4093,2,2
4094,4,4
4095,8,8
4096,1,1
4097,5,5
4098,7,7
4099,6,6
4100,6,6
4101,4,4
4102,1,1
4103,5,5
4104,6,6
4105,0,0
4106,3,3
4107,9,9
4108,1,1
4109,3,3
4110,6,6
4111,4,4
4112,4,4
4113,1,1
4114,7,7
4115,8,8
4116,4,4
4117,4,4
4118,7,7
4119,9,9
4120,7,7
4121,7,7
4122,2,2
4123,4,4
4124,2,2
4125,5,5
4126,8,8
4127,7,7
4128,6,6
4129,8,8
4130,9,9
4131,6,6
4132,8,8
4133,4,4
4134,0,0
4135,9,9
4136,5,5
4137,4,4
4138,1,1
4139,5,5
4140,6,6
4141,2,9
4142,5,5
4143,4,4
4144,2,2
4145,7,7
4146,2,2
4147,4,4
4148,2,2
4149,8,8
4150,2,2
4151,6,6
4152,7,7
4153,2,2
4154,1,1
4155,9,9
4156,7,7
4157,6,6
4158,0,0
4159,4,4
4160,6,6
4161,1,1
4162,5,5
4163,6,6
4164,1,1
4165,3,3
4166,9,9
4167,1,1
4168,5,5
4169,0,0
4170,9,9
4171,6,6
4172,6,6
4173,9,9
4174,9,9
4175,8,8
4176,4,4
4177,6,6
4178,6,6
4179,2,2
4180,7,7
4181,0,0
4182,0,0
4183,6,6
4184,8,8
4185,3,3
4186,5,5
4187,3,3
4188,3,3
4189,4,4
4190,6,6
4191,3,3
4192,2,2
4193,0,0
4194,8,8
4195,6,6
4196,0,0
4197,7,7
4198,6,6
4199,9,9
4200,1,1
4201,2,2
4202,8,8
4203,7,9
4204,4,4
4205,9,9
4206,8,8
4207,5,5
4208,0,0
4209,9,9
4210,8,8
4211,4,4
4212,9,9
4213,8,8
4214,1,1
4215,3,3
4216,9,9
4217,1,1
4218,3,3
4219,9,9
4220,4,4
4221,9,9
4222,8,8
4223,2,2
4224,9,9
4225,8,8
4226,1,1
4227,6,6
4228,1,1
4229,2,2
4230,5,5
4231,3,3
4232,2,2
4233,7,7
4234,6,6
4235,4,2
4236,5,3
4237,6,4
4238,0,0
4239,5,5
4240,8,8
4241,1,1
4242,4,4
4243,7,7
4244,4,4
4245,8,8
4246,7,7
4247,0,0
4248,9,9
4249,4,4
4250,6,6
4251,9,9
4252,7,7
4253,4,4
4254,9,9
4255,4,4
4256,8,8
4257,3,3
4258,0,0
4259,7,7
4260,2,2
4261,4,4
4262,1,1
4263,7,7
4264,5,5
4265,6,6
4266,4,4
4267,0,0
4268,5,5
4269,6,6
4270,8,8
4271,4,4
4272,5,5
4273,2,2
4274,2,2
4275,1,1
4276,9,9
4277,2,2
4278,9,9
4279,9,9
4280,6,6
4281,8,8
4282,1,1
4283,8,8
4284,3,3
4285,6,6
4286,3,3
4287,0,0
4288,2,2
4289,6,6
4290,0,0
4291,7,7
4292,4,4
4293,2,2
4294,3,3
4295,3,3
4296,8,8
4297,9,9
4298,5,5
4299,1,1
4300,0,0
4301,5,5
4302,7,7
4303,0,2
4304,5,5
4305,2,2
4306,5,5
4307,5,5
4308,4,4
4309,3,3
4310,8,8
4311,5,5
4312,5,5
4313,1,1
4314,1,1
4315,7,7
4316,9,9
4317,9,9
4318,8,8
4319,2,2
4320,8,8
4321,3,3
4322,3,3
4323,7,7
4324,9,9
4325,0,0
4326,0,0
4327,4,4
4328,7,7
4329,4,4
4330,3,3
4331,5,5
4332,5,5
4333,8,8
4334,7,9
4335,3,3
4336,1,1
4337,4,4
4338,2,2
4339,2,2
4340,1,1
4341,4,4
4342,9,9
4343,1,1
4344,6,6
4345,8,8
4346,5,5
4347,9,9
4348,0,0
4349,5,5
4350,8,8
4351,9,9
4352,0,0
4353,9,9
4354,1,1
4355,4,4
4356,4,4
4357,7,7
4358,1,1
4359,4,4
4360,4,4
4361,1,1
4362,8,8
4363,1,1
4364,2,2
4365,1,1
4366,0,0
4367,3,3
4368,2,2
4369,1,1
4370,5,5
4371,4,4
4372,4,4
4373,3,3
4374,5,5
4375,5,5
4376,8,8
4377,6,6
4378,1,1
4379,4,4
4380,9,9
4381,6,6
4382,6,6
4383,2,2
4384,3,3
4385,8,9
4386,5,5
4387,2,2
4388,8,8
4389,8,8
4390,2,2
4391,8,8
4392,7,1
4393,1,1
4394,9,9
4395,1,1
4396,4,4
4397,9,9
4398,0,0
4399,1,1
4400,7,7
4401,7,7
4402,5,5
4403,0,0
4404,8,8
4405,3,3
4406,6,6
4407,2,1
4408,6,6
4409,9,9
4410,9,9
4411,2,2
4412,7,7
4413,2,2
4414,5,5
4415,7,7
4416,4,4
4417,4,4
4418,3,3
4419,7,7
4420,6,6
4421,5,5
4422,0,0
4423,2,8
4424,8,8
4425,0,0
4426,2,2
4427,1,1
4428,1,1
4429,9,9
4430,1,1
4431,6,6
4432,6,6
4433,3,3
4434,3,3
4435,1,1
4436,4,4
4437,2,2
4438,6,6
4439,2,2
4440,6,6
4441,2,2
4442,7,2
4443,1,1
4444,6,6
4445,7,7
4446,7,7
4447,9,9
4448,4,4
4449,6,6
4450,8,8
4451,0,0
4452,4,4
4453,7,7
4454,5,5
4455,1,1
4456,4,4
4457,5,5
4458,9,9
4459,2,2
4460,8,8
4461,6,6
4462,6,6
4463,6,6
4464,8,8
4465,1,1
4466,8,8
4467,2,2
4468,9,9
4469,8,8
4470,3,3
4471,3,3
4472,9,9
4473,6,6
4474,7,7
4475,5,5
4476,7,7
4477,0,0
4478,2,2
4479,7,7
4480,1,1
4481,1,1
4482,2,2
4483,3,3
4484,1,1
4485,6,6
4486,3,3
4487,9,9
4488,4,4
4489,3,3
4490,0,0
4491,0,0
4492,8,8
4493,1,1
4494,9,9
4495,6,6
4496,1,1
4497,0,0
4498,9,9
4499,3,3
4500,2,2
4501,8,8
4502,9,9
4503,1,1
4504,6,6
4505,3,3
4506,0,8
4507,5,5
4508,8,8
4509,0,0
4510,4,4
4511,0,0
4512,7,7
4513,9,9
4514,3,3
4515,1,1
4516,6,6
4517,8,8
4518,5,5
4519,8,8
4520,0,0
4521,0,0
4522,9,9
4523,8,8
4524,6,6
4525,2,2
4526,6,6
4527,4,4
4528,1,1
4529,4,4
4530,4,4
4531,4,4
4532,7,7
4533,1,1
4534,6,6
4535,7,7
4536,3,3
4537,4,4
4538,9,9
4539,0,0
4540,9,9
4541,3,3
4542,5,5
4543,5,5
4544,6,6
4545,3,3
4546,8,8
4547,4,4
4548,6,6
4549,7,7
4550,4,4
4551,8,8
4552,3,3
4553,4,4
4554,3,3
4555,0,0
4556,7,7
4557,3,3
4558,1,1
4559,2,2
4560,3,3
4561,2,2
4562,6,6
4563,4,4
4564,2,2
4565,9,9
4566,6,6
4567,5,5
4568,1,1
4569,0,0
4570,5,5
4571,1,1
4572,1,1
4573,4,4
4574,3,3
4575,7,7
4576,1,1
4577,8,8
4578,9,9
4579,4,4
4580,1,1
4581,2,2
4582,8,8
4583,9,9
4584,0,0
4585,5,5
4586,6,6
4587,5,5
4588,8,8
4589,1,1
4590,7,7
4591,0,0
4592,9,9
4593,3,3
4594,7,7
4595,0,0
4596,4,4
4597,1,1
4598,1,1
4599,8,8
4600,3,3
4601,3,3
4602,1,1
4603,1,1
4604,9,9
4605,3,3
4606,2,2
4607,0,0
4608,3,3
4609,7,7
4610,1,1
4611,2,2
4612,4,4
4613,0,0
4614,9,9
4615,8,8
4616,5,5
4617,3,3
4618,7,7
4619,2,2
4620,9,9
4621,0,0
4622,9,9
4623,2,2
4624,6,6
4625,0,0
4626,8,8
4627,7,7
4628,8,8
4629,3,3
4630,4,4
4631,4,4
4632,9,9
4633,0,0
4634,1,1
4635,1,1
4636,4,4
4637,6,6
4638,2,2
4639,6,6
4640,5,5
4641,7,7
4642,3,3
4643,6,6
4644,1,1
4645,0,0
4646,1,1
4647,1,1
4648,0,0
4649,4,4
4650,6,6
4651,0,0
4652,0,0
4653,5,5
4654,4,4
4655,6,6
4656,9,9
4657,4,4
4658,2,2
4659,6,6
4660,8,8
4661,6,6
4662,4,4
4663,4,4
4664,5,5
4665,0,0
4666,3,3
4667,6,6
4668,9,9
4669,6,6
4670,1,1
4671,0,0
4672,6,6
4673,8,8
4674,4,4
4675,7,7
4676,2,2
4677,2,2
4678,0,0
4679,7,7
4680,4,4
4681,7,7
4682,7,7
4683,6,6
4684,9,9
4685,7,7
4686,6,6
4687,2,2
4688,3,3
4689,0,0
4690,3,3
4691,5,5
4692,4,4
4693,9,9
4694,5,5
4695,4,4
4696,9,9
4697,5,5
4698,1,1
4699,8,3
4700,2,2
4701,7,7
4702,8,8
4703,7,7
4704,8,8
4705,8,8
4706,8,8
4707,0,0
4708,7,7
4709,4,4
4710,4,4
4711,7,7
4712,8,8
4713,8,8
4714,3,3
4715,0,0
4716,6,6
4717,0,0
4718,0,0
4719,5,5
4720,1,1
4721,7,2
4722,2,2
4723,1,1
4724,9,9
4725,7,7
4726,0,0
4727,9,9
4728,6,6
4729,2,2
4730,7,7
4731,1,1
4732,4,4
4733,0,0
4734,2,2
4735,0,0
4736,7,7
4737,3,3
4738,7,7
4739,2,2
4740,5,5
4741,0,0
4742,8,8
4743,5,5
4744,0,0
4745,4,4
4746,5,5
4747,1,1
4748,8,8
4749,7,7
4750,6,6
4751,2,2
4752,1,1
4753,6,6
4754,1,1
4755,3,3
4756,9,9
4757,3,3
4758,4,4
4759,9,9
4760,0,0
4761,8,8
4762,4,4
4763,2,2
4764,0,0
4765,4,4
4766,9,9
4767,6,6
4768,8,8
4769,3,3
4770,4,4
4771,7,7
4772,4,4
4773,0,0
4774,7,7
4775,8,8
4776,0,0
4777,7,7
4778,7,7
4779,9,9
4780,7,7
4781,8,8
4782,0,0
4783,3,3
4784,3,3
4785,1,1
4786,7,7
4787,5,5
4788,9,9
4789,0,0
4790,4,4
4791,0,0
4792,6,6
4793,4,4
4794,2,2
4795,7,7
4796,5,5
4797,9,9
4798,1,1
4799,0,0
4800,9,9
4801,9,9
4802,4,4
4803,6,6
4804,1,1
4805,2,2
4806,8,8
4807,8,8
4808,0,0
4809,1,2
4810,0,0
4811,4,4
4812,0,0
4813,2,2
4814,5,5
4815,5,5
4816,3,3
4817,6,6
4818,8,8
4819,0,0
4820,6,6
4821,8,8
4822,0,0
4823,0,0
4824,9,9
4825,4,4
4826,1,1
4827,3,3
4828,2,2
4829,9,9
4830,4,4
4831,9,9
4832,5,5
4833,4,4
4834,1,1
4835,7,7
4836,0,0
4837,4,4
4838,7,7
4839,2,2
4840,1,1
4841,1,1
4842,7,7
4843,0,0
4844,2,8
4845,4,4
4846,2,2
4847,3,3
4848,1,1
4849,8,8
4850,7,7
4851,3,3
4852,3,3
4853,8,8
4854,4,4
4855,7,7
4856,9,9
4857,3,3
4858,9,9
4859,1,1
4860,8,8
4861,1,1
4862,3,3
4863,4,4
4864,7,7
4865,3,3
4866,1,1
4867,2,2
4868,6,6
4869,4,4
4870,9,9
4871,0,0
4872,6,6
4873,6,6
4874,5,5
4875,5,5
4876,4,4
4877,1,1
4878,4,4
4879,9,9
4880,9,9
4881,0,0
4882,2,2
4883,1,1
4884,2,2
4885,4,4
4886,3,3
4887,5,5
4888,2,2
4889,6,6
4890,0,0
4891,2,2
4892,7,7
4893,9,9
4894,9,9
4895,3,3
4896,0,0
4897,2,2
4898,7,7
4899,1,1
4900,6,6
4901,5,5
4902,3,3
4903,1,1
4904,7,7
4905,8,8
4906,9,9
4907,6,6
4908,1,1
4909,1,1
4910,3,3
4911,7,7
4912,4,4
4913,0,0
4914,6,6
4915,3,3
4916,0,0
4917,2,2
4918,9,9
4919,6,6
4920,8,8
4921,2,2
4922,7,7
4923,7,7
4924,3,3
4925,9,9
4926,7,7
4927,2,2
4928,1,1
4929,8,8
4930,3,3
4931,9,9
4932,8,8
4933,6,6
4934,3,3
4935,7,7
4936,6,6
4937,3,3
4938,8,8
4939,4,4
4940,4,4
4941,6,6
4942,1,1
4943,9,9
4944,9,9
4945,1,1
4946,4,4
4947,8,8
4948,0,0
4949,8,8
4950,7,7
4951,2,2
4952,8,8
4953,2,2
4954,9,9
4955,7,7
4956,4,4
4957,1,1
4958,5,5
4959,4,4
4960,0,0
4961,7,7
4962,1,1
4963,9,9
4964,0,0
4965,8,8
4966,4,4
4967,5,5
4968,0,0
4969,3,3
4970,0,0
4971,6,6
4972,3,3
4973,5,5
4974,9,9
4975,6,2
4976,7,7
4977,1,1
4978,0,0
4979,3,3
4980,1,1
4981,9,9
4982,4,4
4983,5,5
4984,1,1
4985,6,6
4986,1,1
4987,5,5
4988,3,3
4989,5,5
4990,5,5
4991,9,9
4992,2,2
4993,8,8
4994,5,5
4995,0,0
4996,4,9
4997,7,7
4998,4,4
4999,9,9
5000,7,7
5001,2,2
5002,2,2
5003,4,4
5004,1,1
5005,4,4
5006,0,0
5007,4,4
5008,9,9
5009,1,1
5010,4,4
5011,5,5
5012,1,1
5013,7,7
5014,7,7
5015,1,1
5016,9,9
5017,5,5
5018,3,3
5019,1,1
5020,6,6
5021,1,1
5022,2,2
5023,1,1
5024,2,2
5025,5,5
5026,8,8
5027,7,7
5028,1,1
5029,1,1
5030,0,0
5031,5,5
5032,7,7
5033,7,7
5034,7,7
5035,7,7
5036,3,3
5037,3,3
5038,8,8
5039,7,7
5040,7,7
5041,2,2
5042,8,8
5043,4,4
5044,4,4
5045,3,3
5046,3,3
5047,9,9
5048,5,5
5049,1,1
5050,1,1
5051,7,7
5052,8,8
5053,2,2
5054,8,8
5055,3,3
5056,2,2
5057,0,0
5058,9,9
5059,3,3
5060,6,6
5061,6,6
5062,1,1
5063,3,3
5064,5,5
5065,3,3
5066,1,1
5067,3,3
5068,7,7
5069,1,1
5070,8,8
5071,7,7
5072,3,3
5073,8,8
5074,4,4
5075,1,1
5076,7,7
5077,4,4
5078,7,7
5079,0,0
5080,1,1
5081,0,0
5082,6,6
5083,8,8
5084,7,7
5085,7,7
5086,2,2
5087,9,9
5088,1,1
5089,2,2
5090,2,2
5091,1,1
5092,2,2
5093,9,9
5094,5,5
5095,9,9
5096,7,7
5097,9,9
5098,4,4
5099,0,0
5100,7,7
5101,7,7
5102,8,8
5103,3,3
5104,1,1
5105,2,2
5106,7,7
5107,0,0
5108,9,4
5109,7,7
5110,9,9
5111,9,9
5112,1,1
5113,4,4
5114,7,7
5115,6,6
5116,7,7
5117,6,6
5118,1,1
5119,6,6
5120,4,4
5121,2,2
5122,9,9
5123,4,4
5124,9,9
5125,7,7
5126,2,2
5127,1,1
5128,5,5
5129,2,2
5130,1,1
5131,3,3
5132,5,5
5133,3,3
5134,2,2
5135,6,6
5136,9,9
5137,1,1
5138,0,0
5139,5,5
5140,2,2
5141,1,1
5142,4,4
5143,7,7
5144,1,1
5145,8,8
5146,6,6
5147,3,3
5148,6,6
5149,4,4
5150,5,5
5151,1,1
5152,8,8
5153,4,4
5154,6,6
5155,3,2
5156,9,9
5157,9,9
5158,3,3
5159,3,3
5160,7,7
5161,9,9
5162,2,2
5163,5,5
5164,9,9
5165,0,0
5166,3,3
5167,9,9
5168,3,3
5169,8,8
5170,4,9
5171,0,0
5172,9,9
5173,2,2
5174,5,5
5175,6,6
5176,5,5
5177,2,2
5178,0,0
5179,6,6
5180,2,2
5181,3,3
5182,7,7
5183,8,8
5184,5,5
5185,7,7
5186,7,7
5187,0,0
5188,6,6
5189,4,4
5190,0,0
5191,6,6
5192,7,7
5193,7,7
5194,3,3
5195,7,7
5196,3,3
5197,7,7
5198,8,8
5199,3,3
5200,6,6
5201,4,4
5202,5,5
5203,3,3
5204,0,0
5205,7,7
5206,5,5
5207,6,6
5208,0,0
5209,1,1
5210,0,0
5211,8,8
5212,0,0
5213,0,0
5214,1,1
5215,1,1
5216,0,0
5217,0,0
5218,7,7
5219,6,6
5220,0,0
5221,2,2
5222,2,2
5223,8,8
5224,6,6
5225,8,8
5226,7,7
5227,0,8
5228,4,4
5229,0,0
5230,6,6
5231,9,9
5232,8,8
5233,1,1
5234,7,7
5235,6,6
5236,8,3
5237,7,7
5238,9,9
5239,7,7
5240,6,6
5241,7,7
5242,7,7
5243,8,8
5244,0,0
5245,5,5
5246,1,1
5247,4,4
5248,2,2
5249,2,2
5250,6,6
5251,0,0
5252,8,8
5253,4,4
5254,0,0
5255,1,1
5256,1,1
5257,2,2
5258,9,9
5259,7,7
5260,6,6
5261,9,9
5262,3,3
5263,7,7
5264,0,0
5265,5,5
5266,1,1
5267,6,6
5268,5,5
5269,8,8
5270,8,8
5271,1,1
5272,4,4
5273,4,4
5274,6,6
5275,1,1
5276,9,9
5277,0,0
5278,7,7
5279,1,1
5280,2,2
5281,5,5
5282,7,7
5283,7,7
5284,4,4
5285,0,0
5286,0,0
5287,0,0
5288,8,8
5289,5,5
5290,7,7
5291,8,8
5292,2,2
5293,9,9
5294,9,9
5295,5,5
5296,1,1
5297,6,6
5298,5,5
5299,1,1
5300,0,0
5301,1,2
5302,3,3
5303,4,4
5304,5,5
5305,1,1
5306,3,3
5307,1,1
5308,9,9
5309,0,0
5310,6,6
5311,2,2
5312,4,4
5313,1,1
5314,9,9
5315,3,3
5316,6,6
5317,1,1
5318,1,1
5319,7,7
5320,6,6
5321,5,5
5322,3,3
5323,1,1
5324,8,8
5325,7,7
5326,5,5
5327,6,6
5328,0,0
5329,0,0
5330,2,2
5331,9,9
5332,1,1
5333,2,2
5334,1,1
5335,2,2
5336,9,9
5337,6,6
5338,4,4
5339,9,9
5340,2,2
5341,8,8
5342,0,0
5343,9,9
5344,9,9
5345,9,9
5346,7,7
5347,2,3
5348,2,2
5349,0,0
5350,3,3
5351,8,8
5352,3,3
5353,7,7
5354,1,1
5355,3,3
5356,0,0
5357,4,4
5358,5,5
5359,4,4
5360,1,1
5361,8,8
5362,3,3
5363,8,8
5364,8,8
5365,5,5
5366,9,9
5367,0,0
5368,0,0
5369,2,2
5370,7,7
5371,9,9
5372,6,6
5373,8,8
5374,7,7
5375,5,5
5376,0,0
5377,1,1
5378,3,3
5379,2,2
5380,8,8
5381,0,0
5382,5,5
5383,7,7
5384,7,7
5385,6,6
5386,7,7
5387,3,3
5388,1,1
5389,3,3
5390,9,9
5391,6,6
5392,8,8
5393,0,0
5394,3,3
5395,1,1
5396,4,4
5397,0,0
5398,0,0
5399,1,1
5400,6,6
5401,1,1
5402,8,8
5403,6,6
5404,7,7
5405,7,7
5406,1,1
5407,3,3
5408,0,0
5409,8,8
5410,3,3
5411,3,3
5412,0,0
5413,1,1
5414,9,9
5415,3,3
5416,2,2
5417,0,0
5418,8,8
5419,7,7
5420,5,5
5421,3,3
5422,6,6
5423,7,7
5424,3,3
5425,2,2
5426,6,6
5427,9,9
5428,6,6
5429,8,8
5430,0,0
5431,0,0
5432,1,1
5433,9,9
5434,1,1
5435,7,7
5436,7,7
5437,3,3
5438,3,3
5439,1,1
5440,1,1
5441,5,5
5442,0,0
5443,0,0
5444,2,2
5445,7,7
5446,5,5
5447,0,0
5448,1,1
5449,4,4
5450,5,5
5451,4,4
5452,1,1
5453,6,6
5454,4,4
5455,9,9
5456,8,8
5457,6,6
5458,1,1
5459,0,0
5460,1,1
5461,2,2
5462,8,8
5463,3,3
5464,0,0
5465,9,9
5466,9,9
5467,7,7
5468,1,1
5469,9,9
5470,7,7
5471,3,3
5472,2,2
5473,0,0
5474,2,2
5475,0,0
5476,2,2
5477,7,7
5478,8,8
5479,9,9
5480,3,3
5481,7,7
5482,9,9
5483,5,8
5484,5,5
5485,3,3
5486,5,5
5487,9,9
5488,8,8
5489,1,1
5490,9,9
5491,6,6
5492,1,1
5493,0,0
5494,8,8
5495,3,3
5496,6,6
5497,9,9
5498,3,3
5499,2,2
5500,5,5
5501,6,6
5502,8,8
5503,8,8
5504,2,2
5505,0,0
5506,2,2
5507,8,8
5508,2,2
5509,4,4
5510,1,1
5511,8,8
5512,6,6
5513,9,9
5514,5,5
5515,5,5
5516,2,2
5517,2,2
5518,8,8
5519,7,7
5520,8,8
5521,2,2
5522,0,0
5523,6,6
5524,9,9
5525,7,7
5526,1,1
5527,4,4
5528,3,3
5529,1,1
5530,2,2
5531,1,1
5532,8,8
5533,3,3
5534,9,9
5535,0,0
5536,2,2
5537,5,5
5538,7,7
5539,6,6
5540,3,3
5541,2,2
5542,7,7
5543,1,1
5544,6,6
5545,5,5
5546,0,0
5547,2,2
5548,5,5
5549,3,3
5550,2,2
5551,1,1
5552,0,0
5553,6,6
5554,4,4
5555,7,7
5556,6,6
5557,0,0
5558,0,0
5559,0,0
5560,2,2
5561,8,8
5562,1,1
5563,9,9
5564,6,6
5565,0,0
5566,1,1
5567,5,5
5568,3,3
5569,5,5
5570,0,0
5571,8,8
5572,7,7
5573,2,2
5574,7,7
5575,2,2
5576,0,0
5577,4,4
5578,8,8
5579,2,2
5580,6,6
5581,8,8
5582,6,6
5583,7,7
5584,9,9
5585,9,9
5586,9,9
5587,9,9
5588,8,8
5589,1,1
5590,2,2
5591,1,1
5592,6,6
5593,5,5
5594,6,6
5595,9,9
5596,9,9
5597,7,9
5598,0,0
5599,4,4
5600,4,4
5601,4,4
5602,5,5
5603,0,0
5604,7,7
5605,7,7
5606,6,6
5607,5,5
5608,3,3
5609,0,0
5610,2,2
5611,6,6
5612,9,9
5613,1,1
5614,6,6
5615,8,8
5616,1,1
5617,4,4
5618,3,3
5619,3,3
5620,0,0
5621,7,7
5622,1,1
5623,3,3
5624,8,8
5625,6,6
5626,9,9
5627,9,9
5628,0,0
5629,5,5
5630,9,9
5631,1,1
5632,1,1
5633,3,3
5634,0,0
5635,3,3
5636,9,9
5637,5,5
5638,4,4
5639,3,3
5640,0,0
5641,8,8
5642,0,0
5643,5,5
5644,3,3
5645,3,3
5646,6,6
5647,9,9
5648,2,2
5649,2,2
5650,5,5
5651,2,2
5652,1,1
5653,8,8
5654,3,3
5655,7,7
5656,6,6
5657,7,7
5658,0,0
5659,1,1
5660,9,9
5661,0,0
5662,7,7
5663,8,8
5664,4,4
5665,6,6
5666,8,8
5667,5,5
5668,8,8
5669,8,8
5670,2,2
5671,0,0
5672,2,2
5673,8,8
5674,6,6
5675,6,6
5676,3,3
5677,0,0
5678,8,8
5679,9,9
5680,9,9
5681,3,3
5682,5,5
5683,2,2
5684,7,7
5685,6,6
5686,1,1
5687,8,8
5688,5,5
5689,2,2
5690,8,8
5691,6,6
5692,6,6
5693,2,2
5694,5,5
5695,9,9
5696,3,3
5697,0,0
5698,3,2
5699,9,9
5700,4,4
5701,8,8
5702,8,8
5703,6,6
5704,7,7
5705,7,7
5706,9,9
5707,2,2
5708,1,1
5709,1,1
5710,6,6
5711,1,1
5712,7,7
5713,3,3
5714,9,9
5715,6,6
5716,2,2
5717,0,0
5718,1,1
5719,4,4
5720,3,3
5721,0,0
5722,3,3
5723,3,3
5724,0,0
5725,0,0
5726,6,6
5727,7,7
5728,1,1
5729,4,4
5730,5,5
5731,9,9
5732,4,4
5733,5,5
5734,7,7
5735,9,9
5736,2,2
5737,0,0
5738,8,8
5739,3,3
5740,1,1
5741,7,7
5742,1,1
5743,9,9
5744,3,3
5745,2,2
5746,2,2
5747,7,7
5748,5,5
5749,4,4
5750,8,8
5751,5,5
5752,3,3
5753,9,9
5754,7,7
5755,8,8
5756,3,3
5757,1,1
5758,9,9
5759,4,4
5760,7,7
5761,7,7
5762,8,8
5763,0,0
5764,7,7
5765,8,8
5766,1,1
5767,9,9
5768,2,2
5769,3,3
5770,8,8
5771,8,8
5772,1,1
5773,8,8
5774,1,1
5775,0,0
5776,6,6
5777,0,0
5778,6,6
5779,1,1
5780,6,6
5781,2,2
5782,8,8
5783,0,0
5784,6,6
5785,1,1
5786,6,6
5787,9,9
5788,0,0
5789,0,0
5790,0,0
5791,2,2
5792,3,3
5793,0,0
5794,5,5
5795,4,4
5796,5,5
5797,3,3
5798,2,2
5799,3,3
5800,0,0
5801,0,0
5802,7,7
5803,6,6
5804,3,0
5805,3,3
5806,0,0
5807,0,0
5808,0,0
5809,3,3
5810,6,6
5811,1,1
5812,9,9
5813,9,9
5814,8,8
5815,6,6
5816,5,5
5817,9,9
5818,9,9
5819,6,6
5820,4,4
5821,1,1
5822,5,5
5823,8,8
5824,4,4
5825,2,2
5826,9,9
5827,9,9
5828,3,3
5829,5,5
5830,1,1
5831,7,7
5832,9,9
5833,8,8
5834,6,6
5835,0,0
5836,6,6
5837,5,5
5838,2,2
5839,5,5
5840,4,4
5841,4,4
5842,3,3
5843,3,3
5844,6,6
5845,8,8
5846,0,0
5847,0,0
5848,6,6
5849,9,9
5850,9,9
5851,8,8
5852,9,9
5853,5,5
5854,5,5
5855,5,5
5856,7,7
5857,1,1
5858,7,7
5859,6,6
5860,5,5
5861,2,2
5862,9,9
5863,5,5
5864,8,8
5865,0,0
5866,7,7
5867,2,2
5868,3,3
5869,2,2
5870,3,3
5871,1,1
5872,9,9
5873,0,0
5874,3,3
5875,8,8
5876,1,1
5877,2,2
5878,2,2
5879,4,4
5880,1,1
5881,4,4
5882,3,3
5883,8,8
5884,2,2
5885,5,5
5886,5,5
5887,8,8
5888,0,0
5889,4,4
5890,7,7
5891,7,7
5892,9,9
5893,2,2
5894,8,8
5895,5,5
5896,0,0
5897,5,5
5898,9,9
5899,7,7
5900,2,2
5901,9,9
5902,4,4
5903,7,7
5904,8,8
5905,8,8
5906,0,0
5907,7,7
5908,0,0
5909,0,0
5910,2,2
5911,5,5
5912,4,4
5913,7,7
5914,4,4
5915,9,9
5916,8,8
5917,3,3
5918,9,9
5919,9,9
5920,5,5
5921,3,3
5922,9,9
5923,6,6
5924,3,3
5925,4,4
5926,6,6
5927,8,8
5928,6,6
5929,3,3
5930,5,5
5931,3,3
5932,3,3
5933,3,3
5934,8,8
5935,1,1
5936,8,8
5937,5,5
5938,6,6
5939,0,0
5940,7,7
5941,4,4
5942,5,5
5943,0,0
5944,1,1
5945,8,8
5946,7,7
5947,2,0
5948,1,1
5949,9,9
5950,7,7
5951,8,8
5952,5,5
5953,3,3
5954,1,1
5955,6,6
5956,2,2
5957,8,8
5958,2,2
5959,5,5
5960,3,3
5961,6,6
5962,0,0
5963,1,1
5964,4,4
5965,3,3
5966,1,1
5967,1,3
5968,6,6
5969,1,1
5970,9,9
5971,9,9
5972,4,4
5973,5,5
5974,1,1
5975,1,1
5976,7,7
5977,5,5
5978,0,0
5979,4,4
5980,4,4
5981,6,6
5982,8,8
5983,4,4
5984,8,8
5985,7,7
5986,0,0
5987,1,1
5988,5,5
5989,3,3
5990,5,5
5991,3,3
5992,7,7
5993,2,2
5994,1,1
5995,3,2
5996,9,9
5997,7,7
5998,2,2
5999,5,5
